Study_Hours,Prev_Scores,Quiz_Difficulty,Time_Spent,Quiz_Score
7.49080237694725,51.10797573031718,3,19.960763744702653,40.14295873665094
19.01428612819832,72.51405684270148,3,54.51075013180872,68.0134721416612
14.639878836228101,92.37675015258449,3,24.370479823278984,70.74994236236854
11.973169683940732,83.93349318457368,2,28.389299387807647,68.42748518480586
3.1203728088487304,88.39366887168698,2,12.90459760401749,65.11339859702183
3.119890406724053,79.52700200264304,2,15.57561061606382,51.517807760049756
1.1616722433639892,81.53659387107115,3,35.793095135616404,56.389359294005466
17.323522915498703,90.95173909391916,2,23.379633836398575,79.81953902249774
12.022300234864176,54.98008053155115,1,51.77401128710972,62.82397048122063
14.161451555920909,69.36549781858844,1,10.734669432747692,66.70372959721044
0.41168988591604894,53.27256650917613,2,28.95470243359681,39.24696082919179
19.398197043239886,99.26008047979883,1,26.867277338454635,90.74870081375818
16.648852816008436,96.64356038119679,1,10.966381545880052,92.77035100520489
4.246782213565523,42.365608682110356,3,16.218419950025513,28.980727526165467
3.6364993441420124,82.33451035094131,2,30.682133745931765,54.72370951748374
3.6680901970686763,95.51489904493995,2,34.64322922237233,65.44429022125347
6.0848448591907545,50.83452070764001,3,30.214487362743455,45.318703154805355
10.495128632644757,74.07671383315777,1,36.54688392060469,69.53263216532618
8.638900372842315,94.92929785528251,1,39.756583745284075,75.3779475673982
5.824582803960839,42.03675871514793,2,10.496191056391782,28.98508212652863
12.23705789444759,81.84521603481039,1,33.204757972675196,78.31021362698013
2.7898772130408367,57.840940442353045,3,58.17496204437941,40.68610252446445
5.842892970704363,95.46377172259182,3,35.951614006477435,68.11286736570048
7.327236865873834,98.26349470992207,2,43.87711337294766,67.02553976360954
9.12139968434072,96.65598934680604,3,25.59319289584416,63.373710159721604
15.703519227860273,68.45285299944783,3,48.699568907638124,70.23134352848243
3.9934756431671947,91.72255905935882,2,48.64607409380575,67.54506454364336
10.284688768272233,90.67296391210422,3,36.064802382706944,71.10429599412939
11.84829137724085,59.146028394595334,3,58.80069116396068,49.32668805847477
0.9290082543999545,89.73492844904064,3,16.27751073813267,46.95728453319299
12.150897038028766,42.220458082929554,1,10.84738324447905,54.599652022209234
3.4104824737458306,75.77619270892319,2,48.5079105878548,60.62411866858389
1.3010318597055903,53.80053023726218,2,50.35777686824413,33.82604618359484
18.977710745066666,47.23401314663673,2,16.01036145602881,52.01115767192069
19.312640661491187,44.61719209775255,1,23.279141647930302,62.52422556211912
16.16794696232922,81.77732655268838,1,10.877618168331445,75.40933592505998
6.092275383467413,60.39249782608397,2,24.665430539028236,43.7395704295242
1.9534422801276774,83.48600629172569,1,48.657093695933575,56.630585332683324
13.684660530243137,43.92138044793654,2,35.898026385628945,48.127452461287696
8.803049874792027,58.91742026983662,1,27.404779658414405,50.522031226767126
2.4407646968955765,72.36947754252023,3,28.586964745316514,39.46452553034097
9.903538202225404,87.44338989033781,3,10.067681285773407,64.82006859894966
0.6877704223043679,59.12515017592419,2,24.990026378261796,38.72975720540036
18.186408041575643,77.55348258622055,1,42.32293708189653,85.46838872994611
5.175599632000338,93.15866489417124,1,58.70972219081786,66.2844034268385
13.25044568707964,76.95179129093827,3,52.353041349194974,66.33145048925073
6.2342215217882195,53.97756848521803,3,11.179748232276456,48.23403590786997
10.401360423556216,41.46404689339228,1,54.928030233741964,49.111909373315896
10.934205586865593,92.2059324340558,1,49.1599206649313,85.76460494008649
3.697089110510541,41.27616465102323,1,49.01880617854902,44.293247318106765
19.391692555291172,92.48210036105196,1,32.89978795017858,97.19277088459218
15.502656467222291,71.73622804163273,1,29.90026464772514,75.11905642587219
18.789978831283783,96.34406191077377,1,25.14578644165963,96.33641395127698
17.896547008552975,87.92699414641993,2,13.28474294771829,84.42455939551827
11.957999576221702,99.87604663200025,1,21.411768174684955,88.18103430257298
18.437484700462335,61.04270892710261,3,22.330181748901232,55.92777971427821
1.76985004103839,86.0312973358676,2,34.20385348551008,49.15701639890923
3.919657248382904,64.11585481655453,1,47.3722203298347,46.318303078416506
0.9045457782107613,68.79253721823453,3,33.69049141989733,39.650590178333275
6.506606615265287,77.6503277931022,2,12.89222247235803,60.608962518108285
7.773545793789641,92.42062685118032,3,57.88949004941019,62.37958741877574
5.426980635477918,99.04500815195772,1,57.13621595470561,82.90094973278408
16.57475018303859,86.0964048318711,1,49.25947715742042,83.93454001688315
7.135066533871786,65.06600693004003,1,59.56639507821103,58.235067410682404
5.618690193747615,65.2814201366242,1,37.22411664001315,52.13876405719925
10.85392166316497,84.25493809533349,2,58.138417512660304,63.2237553081322
2.818484499495253,54.32662874609814,2,13.780252030837538,39.348299842158745
16.043939615080795,46.62844678788368,3,28.284037413068567,58.434719800851106
1.4910128735954165,61.27732945844659,1,21.26906340033829,45.816500707832084
19.737738732010346,57.2343394992449,3,19.791654206713503,51.67321900975955
15.444895385933147,57.778487227359406,2,17.040147444633803,63.44016421786097
3.974313630683448,54.0164650629946,1,41.120682078299836,39.35942774113697
0.11044234247204798,42.525591378181716,1,49.06609278736525,29.5424556344077
16.309228569096682,41.07243608400483,2,38.91491997101804,51.80710563958186
14.137146876952343,99.26334338416189,2,17.348135479410484,83.11275708656768
14.580143360819747,65.66638802415174,2,50.55618849667354,61.28234669955388
15.425406933718914,63.0595988295809,2,41.79773535818643,63.767062951315644
1.4808930346818072,80.77883696158419,2,29.408285306349775,57.20528226341162
7.169314570885453,53.09523327190385,1,43.70651477680315,56.242657721190895
2.3173811905025943,96.99767103701352,2,22.995248962141645,70.2314814132475
17.26206851751187,87.18070086493313,1,27.259610424710527,95.47457759916621
12.465962536551158,45.36466013873557,1,55.87429215659951,60.55461571203362
6.617960497052984,65.0548465470957,2,24.525225283571018,50.3286886301728
1.2711670057204727,92.74709845372988,2,33.49941340789683,65.20151987722318
6.219646434313244,96.68392133748462,1,54.507056869800735,80.12410931096662
6.503666440534941,68.04409067499219,2,45.386067513376375,57.652395704766626
14.59212356676128,76.80468335264246,2,13.110161308235138,70.16810541790933
12.751149427104263,50.02203676552451,2,17.365152213948516,46.31619091059642
17.74425485152653,99.4701175682186,3,10.39207953859584,77.19717873297088
9.444298503238986,53.90030208300661,1,41.54608951145817,55.17564695043255
2.391884918766034,96.56390644810753,3,32.38367127052092,60.50908875329752
14.2648957444599,78.97879893954212,2,16.713742545113774,67.05879262026794
15.215700972337949,76.46420769273155,3,57.896706052838525,71.60845642247257
11.225543951389925,70.76131066099052,2,36.482986197280994,73.34723046360325
15.41934359909122,53.84018870306552,3,22.09466470564446,43.9209414946493
9.875911927287815,50.591681920330494,2,35.03017855773538,51.583117286722356
10.454656587639882,53.22917254421052,3,43.98101663675539,46.68771696720762
8.550820367170992,51.18629572865527,3,13.811960898678224,42.17248185449074
0.5083825348819038,86.7750684140052,3,23.7351907523946,48.04756042366398
2.157828539866089,61.0075155500038,1,50.34827454419968,49.145780168985546
0.628583713734685,43.47056059380378,3,32.98324352013306,25.9710385339381
12.728208225275608,98.14615780844868,1,37.328857101614744,85.20472331546779
6.287119621526534,93.02715309780554,2,31.640800110473464,60.808344715170975
10.171413823294056,95.66513699171279,3,12.194997132150256,67.70612748996152
18.15132947852186,99.69446935878611,2,18.2874889910078,81.79025659117426
4.985844582977499,50.433714953169236,2,32.27708193709454,44.23266959297879
8.207658460712594,63.77452113415953,3,20.45927327039639,38.294402193213635
15.111022770860973,85.49430854224548,1,12.498951432983937,85.35628632221658
4.575963309832449,81.76123708322754,3,52.182483202591186,58.28675053596172
1.5395981965758598,49.233754380391304,2,59.05962645820579,39.922555647588624
5.795029058275361,88.94998749943707,2,49.65714369983697,56.206701117819776
3.2244257450800884,53.46643431019964,3,52.68924608523335,35.54242662180546
18.59395304685146,53.42905688935738,1,22.09885651585227,72.92606649877614
16.16240759128834,72.21846537360481,1,58.031348775659986,75.78478559350991
12.66807513020847,75.57639609050219,2,19.84628522267142,60.9422681220626
17.429211803754356,74.80517247026867,2,57.571490518091615,73.60071976457334
16.07344153798229,45.489210243865294,1,59.74096469829755,62.03639680992568
3.7314011777207168,92.64765175782281,3,45.586140287302435,56.48745459844095
17.851179969799556,55.93600255532236,2,59.0571865895911,72.41317630729833
10.786844838313014,47.77089527696825,1,38.47698897835518,53.367165671534025
16.14880310328125,93.32488479213863,2,22.977089158804517,79.73799770634585
17.921825998469863,97.3390898937852,3,31.849794283281042,76.96445472812613
6.3600694994372775,91.72765703592704,1,39.678046768939296,75.96673617400076
2.201038490553535,88.57096448349269,2,13.654078101350748,60.117875709617806
4.558703250838834,79.3145188383413,3,41.1171632308623,49.577437971425795
8.542155772525126,73.05144223654835,2,59.058891838114725,51.36834304295745
16.36029531844986,45.21920559468461,3,19.50538248918638,50.67631553128362
17.214611665126867,64.50719278424192,3,49.62975581441916,63.555191793372366
0.13904261062381407,62.36131102073884,1,55.39493968898097,49.84520033690547
10.214946051551316,55.585227025619574,3,57.18507964101104,59.177935924998025
8.34822006297558,83.40520682131509,2,58.00678022027236,68.23197299073436
4.442156209414605,69.75254410472624,3,36.072981936073596,44.55286588635115
2.397307346673656,44.862772954458876,3,58.865395399575185,25.663554494401627
6.752303428072559,53.21099211698868,1,47.86551035672194,50.279492490498995
18.858194078250385,80.99552581957576,3,18.083571811848095,74.49585053838405
6.464058640415105,44.56785156941801,3,33.845005323398496,35.08783653760712
10.375812434867322,91.07241484292612,2,45.9165587686002,83.41615013525218
14.060379177903556,69.70879162083847,1,22.367015790954166,72.64797314578354
7.27259204758588,68.83519463959888,1,42.03075917744437,60.73907641534653
19.435641654419214,75.54446707957106,1,43.33002395233096,80.2803422304372
19.248945898842223,89.48085795550895,3,18.134987190428294,80.70879615952812
5.035645916507283,60.86855247413158,1,38.25426562263782,48.364986129590356
9.94497011784771,80.68096915354381,3,48.581345548930386,64.08332662148042
6.017566196335393,73.94391783974746,3,34.9447832267971,54.324247955555485
5.696809887549352,56.02169621016528,2,10.605155838805372,42.13648702744649
0.7377389470906559,92.71779918130949,2,10.451923453964609,54.631048054492425
12.191286679597937,87.8455612964157,2,27.851467198500607,62.85292928042186
10.05358046457723,79.50711007950554,2,56.3097034215891,74.13479071883003
1.029575024999787,91.03490374565452,2,21.43383898018044,60.325190634136845
5.572929284732229,92.03765205758813,3,41.718184443584356,64.89189001393358
18.165317719333075,82.50177860290208,3,21.10379353466603,66.05266141532097
4.791237813339448,90.22079970182033,1,26.08349948297743,75.8268799880994
2.897897441824462,81.84828770015702,3,52.4021044800742,51.36994489774792
9.78905520555126,80.80844630561802,3,46.443072113497344,61.36898128955
19.713009082212015,77.11668269291106,2,14.769963865660532,71.97008534853657
4.841105430230009,85.16299837345846,3,31.43510104932168,47.56823861765302
13.442710948117572,49.51630631758442,2,11.458488182263224,56.806430589571164
15.23239230657435,92.85224555193571,1,34.04450733015045,93.3973733710261
4.752750879847993,92.31061166471392,1,43.121700585053404,71.00002262033904
14.564326972237192,41.75483698207355,3,15.925131179907577,40.09498291655892
7.355662654385064,89.54900503388576,1,24.444246945458282,70.3221008507836
12.646116611871589,47.73219204840671,3,29.891831275107847,43.84959832418445
12.670594215217895,60.10713125554851,1,55.976551232802485,59.6685265885382
10.71549368149517,84.61049537749646,2,59.662750771148204,71.34453674863627
1.805795401088166,49.64559376289849,2,12.245564949780793,34.486115819021045
16.70604991178476,89.07802144714373,2,48.0503961747696,88.4017135916841
6.415601299434717,89.92805067746451,2,28.58620332011716,66.51007350771107
3.7303702079970846,70.44806402565017,3,29.622909311474,37.944926114035944
0.8155028310952783,40.383152303010014,1,47.71324866735114,36.99220981117742
11.817858863764837,57.22228799049476,3,55.921321607270436,51.372640442322385
13.55128723684565,77.01561510254453,2,57.54642972512742,79.14299135922727
0.33175657855712304,98.87117068164541,3,38.85612930191604,65.85323921723457
10.24186116598562,77.9088116210001,1,27.85605796502514,77.2159560794175
4.529915503958759,55.588214863849586,3,49.377454292938964,37.27760792667539
12.903455808188998,78.04034218597668,1,22.550069163115012,83.38367130686879
3.487328580099829,72.39912278295134,3,38.20370144167589,49.245549208566665
13.81875476204932,86.79072370906862,1,27.92892307624366,88.72736070448268
7.734706926010748,46.4188383296175,1,42.83155368539381,46.2234206861672
18.73459977473469,85.66167415012168,2,22.019945644675346,80.20791502859446
2.750418882919865,72.47599472056662,1,19.579647286741288,55.939326648754324
6.82132702100517,97.77952023153968,2,55.91195433377185,75.25028615187844
2.2694704248117814,60.51232996232116,2,15.090184147476844,47.494681746703904
18.493872365571256,77.9573135880369,2,35.29789538674658,76.88433964711142
17.54678706761962,95.92168633060105,3,21.042639148150446,86.8005312661569
5.158832554303112,46.15058367944076,3,11.946498166283373,35.284421391410724
13.19968092068358,96.23370923418707,3,11.800940914571319,72.652879919959
16.344444004024318,81.27314333804881,3,18.761088605291366,73.43004395680646
11.104016231989247,44.07022354631032,1,53.338517725300015,51.06568501413482
10.59301156712013,58.057814016808976,1,24.123937198851333,69.88762848067931
4.837045818009034,82.4903253187169,3,57.52295852876479,44.18039816574793
1.8620553561179842,44.041036088126305,1,39.08111464945968,41.49053217447393
17.944315159066534,74.9302276105764,1,31.830709488438305,71.23470070740423
18.008361143266608,60.752983417177404,2,39.00444173347273,66.23649242246329
12.66202914546536,77.25493106604863,2,35.83491926131339,68.50145383660232
6.780595820974014,42.74452202875077,2,47.93881268786626,48.14965601206653
6.984191492253218,92.29220836914257,2,24.12480329864261,64.80333152934519
14.519113577404788,98.4093381506438,1,27.65251958001512,95.12958479280385
17.942205199051543,98.13267131714149,3,54.704715126662535,80.36929890040447
17.741728485302346,84.97910990457548,1,57.322825657520276,95.06568985522517
15.597510917152476,47.80517440783792,1,54.62791137432372,60.170434948346475
12.840632923085755,85.49579175574135,1,30.97239969786568,79.02283700406561
1.6827992999009767,41.47521498752809,2,49.01827515034408,30.629262141850713
3.2325742818922754,41.327413091739835,2,33.81678666505494,39.438805314965826
17.971083770541586,59.41661314897247,2,34.87699260730511,71.53299202209512
12.128581193191799,69.31859142427994,3,20.234005452864196,59.024935792564705
0.18394103233259296,86.22444506846759,1,39.55651516292582,55.20688818293815
2.029430857320642,80.9977225963903,3,19.306794887667397,44.998349992430676
13.270035382161115,66.7541623826049,2,26.57823495335969,57.47249137060996
0.10123167692437374,56.41759997689995,3,52.75151008099676,23.036844075665392
3.216161028349973,99.82747000946267,1,20.35379046054276,78.06269310350706
10.974675787331723,65.57087813415838,1,13.55791425867164,60.52121435564629
13.837903953853864,67.08322145978053,2,13.450379630640814,60.659356948251705
13.039225190052012,49.81742927150015,2,57.03922602515539,62.63372911762145
4.485386189211196,87.68857292499575,3,35.346021898091735,55.495882216691584
14.243584426950717,81.62093354688932,2,30.470603590850917,69.1826424492151
4.744981749936001,53.24617676732562,2,50.543929050395924,42.99584348776404
6.5079939631853545,44.94286273695056,1,51.7912963955258,41.24349296711647
14.929828102360483,80.82995812448279,2,26.60955165578023,75.27545104024819
12.992657980944294,79.27067285686812,2,44.68090287368976,69.65117058158543
16.98446820988356,56.395571619892564,1,48.55614079259433,66.63330231305125
13.152257846006867,97.05181373502462,1,42.73253434329773,84.26321258425334
11.366172066709431,49.06347350685401,3,17.579753740004968,42.714210108966995
1.8734953565618495,65.94008806255611,2,53.79415417585285,48.17111691756098
7.354316061188671,96.61695521005593,1,36.954727636800435,75.097244539459
5.304047353634509,65.18363901556734,3,24.123621318500184,42.684786891166446
4.8797928675816715,78.31155685984513,3,31.261409271884695,52.02515021037131
19.460211095048912,63.855663877767654,2,11.87855451994537,67.7794797435308
7.861954493335208,56.452912140920205,2,16.393340061120877,47.45939286504209
17.840931103542268,99.0386588775897,3,48.277337525793044,82.62897171820646
12.622772519945258,64.56004037890258,1,10.000581737768307,68.69320572666872
15.896226070832968,93.64595222074806,3,30.82829142411461,78.59888046815733
10.052741862103842,53.79727635346517,2,36.12550905427942,48.45079574653842
11.538077692527182,52.786282241505,1,12.731721000048616,56.97397907059131
9.850353876377278,41.86804497307068,1,58.653908148616644,50.389905619176425
3.90485975596089,79.10000952255311,3,21.306266562483597,41.77879023130322
14.449042305230106,62.11158062342567,2,25.20993598181404,63.16626888119009
5.615447248817116,91.86149499037822,3,25.197125612751364,55.9622494168068
0.4863193286290768,68.39259440149343,3,21.520833105867496,43.589257860582954
12.909445918143357,98.09160567488331,3,10.073691104315571,73.01775319810933
3.542213588140979,51.13153094218727,1,46.467239704399816,49.539314404919125
18.809171687058285,92.11739007733664,1,58.34227498996427,91.1673263099978
19.078571540051747,86.59581116750451,2,21.21467416425225,83.04645776270874
18.29728780440897,86.25531067864313,2,43.15235959017112,89.56557157535083
7.4031740051088875,90.68699368701326,3,47.094816347935755,63.88135612259075
0.30913233057734857,85.66143945657993,3,52.421268954526234,49.14860357158757
18.566371251754507,77.57321929788492,3,31.131459850680457,75.78183751033971
8.563682966346287,47.87469266094325,2,25.146545282021464,47.26330255804233
19.333096380873393,41.95157076947511,1,26.264756701151555,59.05331703603622
19.272399541785056,95.2508708689412,1,45.63106665492564,85.69492339744606
17.060189109347203,76.99901887124429,3,50.8389733252818,68.82347743180378
5.888977841391714,87.79223745857058,3,19.080698387830132,61.80367668444505
7.701954572038505,68.891341090753,3,28.54705040788826,46.86727060617977
17.022733430337137,47.038491337743665,3,55.097009837457506,54.21220674681668
6.338440103125553,47.511147532153025,2,50.33467598473696,39.76039158262213
3.3898549337218498,81.13391723373829,1,59.24292013812379,55.02858894200788
11.136025249167004,65.81835369396777,3,47.712412984104034,52.58888550334193
18.72309548321562,52.0314836020202,2,29.659760051396113,65.63516949462372
13.92059593349946,69.49567280448622,3,39.53189169973189,49.68022435258504
11.401223401787298,43.85253622450804,3,43.050712712366014,43.97926486100025
1.9435298754153707,74.91828411486392,1,13.922790815856198,48.328198206629956
12.300144533983396,56.13960426610586,3,37.224847955193255,53.898674503528895
19.801077002085265,87.85354603823129,1,45.46604142363048,95.53194194779797
2.8016803047304806,58.621717535414426,1,18.36606520005302,45.3524178237933
10.366593047274735,67.31320894490807,1,49.031585871277855,64.99263273107861
17.547461438559107,40.697232394486036,2,39.188639025705584,50.62658201141933
14.815372355084088,44.34681326767353,2,57.61108928487973,47.864338421193395
13.94031481990536,63.549613384401084,1,12.121114910344584,73.74281628320182
14.049681679742186,68.79633008302741,3,23.26630687777335,55.35359412135141
7.189823024395103,76.00123288715822,1,40.077693964991205,73.23222432136907
5.871836885289867,57.499754722558194,3,24.827995610296533,36.49290752349848
16.187223109570272,81.69891316759255,1,45.721208203562114,85.4982553369558
16.202267893583617,91.60734383135227,3,47.95026412609655,73.37379875352826
17.341446371602075,86.791059333601,2,15.125798203323722,82.21636006240615
18.264811051129428,42.37712952090143,3,35.692723210338386,49.764829824503224
10.226847977218757,68.83041683546973,1,35.44452777955279,63.62039404168689
10.030325893743992,46.29581070509049,2,28.464038510777055,48.719494963670236
15.965903579335503,54.522700951751645,3,56.646243128483604,54.981393427507115
12.999278615555303,99.19975559602878,3,51.37531599366106,72.01556040309084
14.039337545154067,48.5497325740908,3,44.86046909548184,53.48142058878102
15.91585338872202,69.93328920708137,3,45.716331786749876,59.6758838360952
17.800106836351326,77.08934405908715,3,33.085807190655956,73.84493383103442
6.759903137030716,82.14789823264624,2,56.049726054828795,69.8985489772817
7.51165905279888,73.57892100921484,2,44.729771362664266,58.01034888923257
1.87963879681738,40.58625084515102,2,46.44905308279082,37.72787823105468
11.56560281992348,59.58767849463951,2,53.08454518936726,60.81838438491207
0.7188454759348417,71.06269860308268,1,23.70357946710955,47.60693822173894
9.311960362649202,45.27198994869,2,50.35354519333515,53.17363404385169
10.852892694151532,61.037615872550845,3,19.762030147824603,44.169752470843314
5.730825042565688,41.99218652748199,3,27.26709761224439,29.634757092044335
11.816665211380215,44.71470982930124,2,26.780522713492136,46.20030196790365
0.6100049987809886,63.815396572095764,3,58.926273419457026,43.12299128846592
0.7469637749842883,47.96294524258362,2,52.82686118739634,40.75806541367191
16.452011213193167,74.05245089569348,3,45.058493079512985,73.87929444967071
7.203812828225258,81.36789814823595,1,46.35283808076951,70.38048353722793
2.5412102530376957,88.03520194654497,1,38.103639720128555,64.04195499717854
10.444865201096087,52.009014654688606,2,57.35453335542596,43.47823872186174
15.399871061972217,50.04895493554419,2,34.81293764411808,50.03974404642056
4.316420549936863,46.274070420064014,2,29.025885493494727,45.97493907275036
12.457809516380005,78.1858149726182,3,18.151766846579548,53.233020005286185
1.70694929987536,82.38854358921407,2,49.3102826130529,53.00212514843623
1.033634423372154,41.89516868953852,1,46.72219660377957,42.08280391940975
10.62709263136296,96.17273477462139,3,29.217751926206745,72.61462150042478
10.81270243220213,43.118277019088346,2,11.259670697961468,47.856212284580806
12.748598029964132,72.47778011806423,3,51.949866385900535,65.51869351072817
14.52182667445323,82.54363116705498,3,10.570899172703681,74.71392131598763
19.51704158925069,92.25814742476513,2,45.18498898145255,90.62608616970478
10.326006966023906,82.84521592794567,3,58.512855486302854,69.36466420019111
6.459129458824919,88.10368498418751,1,31.883066407410173,67.1179791591992
15.903723895374073,60.367011552568364,1,21.748670249797637,70.18232467747256
5.416645025241484,88.88950682479074,3,45.243550502169086,59.002396193007435
8.779428414112722,44.806890783080505,2,50.85640710077926,42.87338846119175
1.5691276268453191,93.68899936363167,3,37.32151580389237,61.7728602120719
0.5070148683091502,72.85554256922418,1,58.35176376280731,59.81714110057579
19.252968293558503,89.03786619774962,3,12.583436082898055,87.00272654600799
16.719602410244118,67.139097071098,3,35.23977991522641,72.00315577697863
13.91948412187396,78.6146617117915,1,45.9226973661275,82.22686875329245
8.179058888285397,71.58415965616679,3,53.13202355745895,46.930058430690494
3.4658864014169155,83.89537130531991,3,18.962780595389503,61.570735359604754
3.128740853421721,44.897798921835374,2,50.00017408818407,41.22164639538403
5.004857963291906,43.62112503943383,2,37.635353785927265,33.614196896759374
10.984533294122409,54.82619404060878,1,29.82768409949816,60.99983055331261
14.291918454001246,49.5726808067913,1,16.58575142895468,52.653732603158474
13.203947534354626,92.3070139955321,1,53.26478794544562,88.60975909394446
5.598677938918857,53.15283924148266,2,17.863660408985766,35.494736288795956
19.09730561326388,98.55191534914788,1,25.489392960454964,91.28495488149686
14.75793833391537,60.213747506266415,1,24.502276598121846,69.26502931044772
11.087081050228013,50.927074941321955,1,53.57070170954272,62.908370426053935
12.234414924687044,87.38191042854875,2,43.6351497104449,76.77146791237337
8.392001248555799,79.52246653005257,3,49.834069859568615,58.854045593382246
4.954619790023149,69.89174298718834,1,22.52339493962495,46.044983496225264
7.119453573025232,73.32181305625787,3,41.243704980349946,52.751533193070756
15.156922209287382,83.15210669633584,1,38.58729915718743,84.15280263157395
0.28786977259511737,53.70728447987793,3,51.64151883941356,31.236501701082553
2.3214528101383247,99.78003496340452,2,55.304353024063026,68.7677457901844
0.920052840435055,98.487589728807,2,10.60783857386934,60.605329615734114
0.8145760463794027,79.01954118081622,1,43.700995952939635,56.39515728424563
17.109211680220145,51.972547055748706,3,12.591789955986451,53.48591169917715
14.073157187600474,80.81369454587748,2,37.44293325386779,71.97877292355167
9.483476581746505,44.33190453875055,1,24.381636452183912,55.47896900924818
1.9566832130200296,41.839150132348365,1,25.33882997610706,24.54030365463111
9.832317502336647,55.46097331067282,2,27.64792517261783,48.06063982731506
9.469435415611313,67.75737740435898,2,41.064622452480506,54.613760693694275
3.4640373982003037,92.09635032450282,1,26.70249828343846,69.21966912051805
8.67703298475946,83.63014418597848,3,46.63495252951402,63.24285517109331
7.970094687947469,84.56239127199886,3,30.226369278693486,68.82617923073701
12.31700196104433,65.52960006688451,3,13.41766001549793,63.89073922473597
12.701873017352876,60.75609955281777,1,49.187992124205365,61.5598511922881
0.9060801954408904,62.262325779076164,2,24.2879162296353,41.14780770873871
7.492252292529424,99.25897382416346,1,31.638343979963132,79.9391192159103
12.517198314284727,42.406551484748945,2,44.27219416109508,44.657879036699285
10.062725171601754,92.02188976734692,3,26.6228078574356,71.11141258374246
17.129796823766444,74.7205245143436,3,12.829282807335781,65.61240138116467
13.1738726323789,66.31692515137543,2,28.69605235064068,57.08239502145279
3.258688541628594,83.51545962490819,2,57.22242913471517,59.32170997952661
1.4113749480085969,69.20013648548218,1,42.08671986492791,47.85744343609174
12.848385564126312,92.40539428489964,3,43.57395743336035,79.25644480756156
0.5302262108324363,94.04211184067552,1,41.61410768188199,75.88981346441051
11.715511625469265,65.30325561240733,1,19.949606947971837,64.97427836991818
18.80460482849915,56.60966783410309,1,30.916693205114008,70.82076110398836
11.50948355751758,75.54101971560173,3,47.54698991816591,63.105709991824924
7.763398524130438,94.74180073700145,1,15.068644877657958,80.90821286085391
12.865764368847064,52.63973134033999,1,23.892638804485614,64.07524425590906
9.165057809830333,77.37799501380897,1,23.81595542329268,66.977711422619
10.9123357863187,77.89361320555123,1,31.6009463797253,72.52771587767677
18.8292961755305,83.98678134491686,1,59.01843704710925,92.80108881084219
7.722052756015485,47.894061107635586,1,13.375127334191097,40.96859124927002
19.223811276478283,82.94949788092532,3,35.93504971902975,83.26196180227787
18.107012839121275,94.54195123993847,1,18.968234100610523,99.45667286884218
3.915822695785929,50.78098653221452,2,58.53382727048721,48.02086921425361
1.387226017503309,54.25259949543266,1,15.66517523637321,34.97094668907911
2.015560027548533,98.28370564249838,1,30.180050118079564,60.16156616153541
0.36443651303099456,50.85861716256939,3,46.89424924173031,34.29484335885081
1.888859215118568,91.26310560217475,3,45.227721401372264,53.3129770793095
13.660135468327137,69.53667138688209,2,31.136431844696613,66.76151598970455
1.4237729692045797,54.833864464190626,2,27.326208397635913,45.44434257212258
6.379512605875226,92.24499407635068,3,29.88061892764353,59.61955136539555
16.89750621938909,66.71831530015993,3,23.213813157931966,60.81085654292799
0.4654387147165173,70.8890412357814,1,20.266646935339992,51.6418623700192
16.289369651778717,61.55400216398594,3,34.1519848779445,53.294106063942934
5.637095495467999,75.57705108609565,2,23.426687803380368,52.35526169516804
2.363296552433125,49.81143235510137,1,24.373083244862507,40.99340008495311
13.934743307283012,63.46489219910564,2,42.837803173727856,61.76255625367194
12.57885693559768,98.16473934011725,1,58.42686658499461,91.65185443496247
17.54944027054106,55.48800596206765,3,40.18186002796875,72.4650480580454
14.701420876077716,79.40419987247753,2,13.848973353248315,71.57524027001855
16.06961860769697,59.511403853481696,1,13.779180692703349,61.98062856271477
5.64069145142613,86.40838754119605,1,57.5711610422783,78.15438757987248
3.5487908755944564,47.85241964310099,3,24.86453951536668,23.57699967418784
15.012295032817168,98.18926270471269,3,14.603349304123771,70.9477942473202
16.13669478534528,67.22737248301836,3,39.95222935751907,60.56117141034222
19.810102840013467,54.16302780078784,2,41.182438914513305,64.91678122934611
8.25235353822853,44.409804839800756,1,42.42524100593441,45.17157362923065
7.440361715855664,50.18547430525244,3,23.370101392877064,38.45127567410755
15.528259214839936,71.18643691336106,2,10.755534210723752,68.45351390508064
6.816070805060357,60.22019058587718,2,58.25076847272359,57.5260950827649
18.615146512071295,89.73300195295657,2,22.544652284555124,84.47292753755531
17.168255036860238,65.85325141970836,3,43.801314402627376,61.83473360890261
8.579880547500366,54.92285635525779,3,45.331493493935476,50.429910915995826
15.017421355829947,77.0286991962418,1,40.50037085397429,73.70481125823679
15.090857481693646,82.40663301312675,1,25.64536971068241,71.48178927304814
2.062477376718652,50.02251447405699,3,23.554812688203288,36.49248610785521
18.051058133591333,50.05715297729906,2,39.883414135135155,66.80848662433482
10.105047448957142,42.20028561601258,2,53.304781680584576,41.84672875008119
16.529149322154833,84.18412090393844,2,57.33668644616978,79.04237090110766
6.400992020612235,79.8282716573083,1,15.295290220187882,59.443342320672485
17.91046456992401,68.47785254498883,2,17.741430629885993,71.35967253269358
7.784033574683262,90.65022693815183,1,57.236812939153985,85.45011427567181
0.2167530296059672,88.34020917700319,1,46.82676141673963,66.52634018526044
18.107639528385274,75.12126186380513,2,54.149691241488654,82.82780874792502
1.8257335357226712,92.09627683079552,2,20.13163170676716,64.1081712311931
6.386272751808297,52.350472602206096,3,39.37929355547009,39.92702630178765
19.0012393410161,46.71517716386367,3,45.056979720873684,61.45336547148629
19.012142938751122,56.18497669101937,2,44.00559427234863,70.35491266453717
11.468757762465723,43.42521136535889,1,30.407584543334906,58.496250493013086
12.636744243395984,71.87017168006193,1,10.769744584565423,65.8564491257789
8.968910439566395,96.19634153769769,1,39.14630284021315,71.39524266826258
5.864215433961291,42.36061244011058,1,22.655076958980437,46.70445338527172
6.573290907398319,47.32659484060161,1,32.51271230714452,48.25601209920318
13.450369121540769,67.13194169700611,3,57.879050754190864,59.76239327432773
15.0474905887536,96.0325010516743,2,29.951765882121737,81.9851490408097
15.83158087451697,58.96936629860503,3,51.990080333221336,72.10143075377118
15.792362855891078,70.43408852130355,1,19.427030287462557,69.68072716269364
1.8241220609738074,42.494371543023526,1,43.62302490125144,33.3285919732683
9.888406094051629,48.90059205772533,1,58.85034772194717,55.48442031537411
1.1511752003328857,99.19780737753081,1,15.094655043646839,73.65736712124729
10.99057764647471,97.90712178616273,2,10.415997111359601,87.66374918519179
8.83061002746754,40.29639885606458,1,31.67913963163072,48.878493134950986
17.754083655165996,97.10870712539435,2,14.63127415256836,80.00743345334529
7.018300251041573,78.34719626893002,1,47.419217483811565,77.13201123989053
2.3413403285521173,92.07509767120132,2,55.727433192427945,64.23246891940627
2.859833641056717,67.28439133803155,3,31.701048635437942,38.641942968472954
15.230212634349446,70.93576171475502,1,22.93558210777205,67.30337190565761
12.364361266325222,69.3307948154152,2,31.72016595033049,67.49867898044728
2.022453522455805,80.01185545276627,3,46.17239089250005,51.85217957552555
1.6821361222999487,48.379075285378775,1,10.45270807901855,39.32129704730829
14.019382629182399,41.798415392360674,1,39.47269947423486,61.48790872197314
1.4552601272838706,58.47579649547146,1,40.66458424436895,42.32405355509735
16.437201185807126,82.2808457641988,2,41.88441234479677,85.0435236130779
14.124844543129925,52.1112071273769,2,22.10110399904386,52.06831487705696
1.6269756128379953,80.40594599949503,3,45.70263616890634,61.07433150540643
1.6967542817038384,98.19472276643623,2,14.56957431658882,65.91261759404208
19.732791570023508,45.6340429473651,2,19.96351682334004,54.374772156906445
7.485415915122406,80.35612709350758,1,53.873502332724094,59.702059945458174
7.412842941337818,66.62501315827427,1,46.93615753632832,64.83251167199919
16.25599134515005,92.08853526265032,1,10.687277700567263,83.83493456542107
18.944971547677174,50.628987366843155,1,22.41881301849001,65.25890257086148
19.720021276457416,81.55755713356987,1,20.72032414965823,89.4175786556644
15.067563705178832,90.28691737888661,1,23.540316401848628,89.17959675653834
7.525191710618316,96.6768531684414,1,22.37798851399432,82.6502500217382
1.6700143339733753,80.99488169737876,3,13.126314787142288,41.540375456186865
15.542938318548735,69.83048584050565,3,32.94702582984102,70.63687531323353
11.1680849947161,77.07083441207283,3,46.63667373930826,59.763068832407924
8.484440184939526,92.1342990687231,3,40.33658623587182,55.75964866848919
18.12708770189472,74.23658479832977,1,43.64358342990399,75.20473904053011
2.223949646123027,41.82322358181021,3,14.057458926811957,25.92572997161469
9.852502085817182,95.85692173041866,1,57.57453550883936,78.1562884874552
0.22707289534838138,81.37160506189366,3,51.92459169215124,48.91580920349367
9.373212839882525,80.59080314663478,2,50.254515924783135,69.13101517792884
1.126065513636747,52.94050914386303,3,51.149190252088374,32.66139576643535
2.3763583253614384,79.53312821395943,3,56.63552540663807,49.47619526779803
2.3505249355420976,63.63186433924951,1,37.21269830568488,44.17269552249021
12.984206042321272,79.07397862248953,3,20.014100893381297,64.03182536739043
14.920897585308467,46.39558181847944,2,40.83918039262706,43.97782657038939
11.667375301943192,79.47071827618217,1,47.14407468339695,71.46791117836669
19.243450969490837,99.96482354623998,1,46.89586966770127,93.89473700344656
7.497411590474082,42.892722331633365,3,36.072451208344006,34.39211164798097
5.714241725637215,98.63045105327905,1,13.422935966678903,73.02527782054479
17.371982563789206,64.41447764337224,1,28.55564692150639,77.36200849602652
4.471916770389052,92.24520702023554,1,56.038330423167864,80.5762187962897
19.264450788812226,86.94312904349641,1,39.2224454878713,84.39590395691846
0.24308949379632683,74.02097565920008,1,36.91659716278567,63.433042478843255
19.39757653415278,84.30695255507959,1,23.442675719109676,83.12832590858072
0.8631982390115223,92.71093367808086,2,28.422445995828944,60.626236079564144
17.822862273961423,64.24841929906198,3,54.76730445765846,68.31439038188677
10.554022181725998,59.62198969379432,2,43.32315237634179,68.15945608941229
19.859295922386007,80.05560313381508,1,49.36935133761664,85.04782920881641
1.4759312947079772,88.47075651647552,1,32.717271153382754,54.58438790239528
11.077085688026415,85.73710808659695,3,41.5123609728079,74.6610268322435
19.38605071238198,87.86881893151806,2,22.419180437160378,79.87541767722267
10.461956883402976,66.13499888877598,3,45.27304151417432,53.093295906909525
12.58797276270525,89.0700529705013,2,31.380066685166867,69.87324932524444
13.914973779692343,47.212543322236506,1,32.127275740737275,55.61919537170955
9.090821295355465,72.66934587765098,3,42.466116228844086,52.28249341148099
12.551161601681269,40.34551962988729,3,56.81403107344633,47.09766637027277
11.686286238462005,59.47514979401622,1,13.200317330431046,59.938509115755735
18.02316020981978,61.98769209228387,3,51.23716186735038,60.94579595376163
0.9089276068291574,63.770361496555324,2,24.619155520609656,47.06688374353253
5.619263791844606,81.72803240139173,2,32.195972725318896,61.960296154506835
19.008229681531176,63.31348607622074,2,11.095666438750447,58.37976155968397
17.805275677818326,66.92161735735183,2,25.052303891715653,73.96463089073166
9.11313505571426,54.252647852459646,1,35.13156213150653,55.65878692746101
12.402651956030734,62.39510749776041,3,12.80880386737195,59.275585257397246
5.547623659622653,53.63617763578909,2,34.55478646915826,44.57820784953648
3.762423194475226,44.39175542610662,1,56.35553144292137,38.955694438830974
9.273968098799642,76.20691560288267,3,15.26966090539026,55.140590933958904
7.067044560521056,80.09276791330097,3,48.22203640377522,62.49802788354329
11.673122237017441,77.16942076057687,1,30.483552668799632,68.00600578024793
1.5546927392996968,67.80964262803434,1,42.7586857262169,50.09220932285404
19.48789615332333,62.78714681075379,2,23.011829899261468,68.09687240636806
19.72421488959206,91.80001897430952,3,17.974613127067915,75.71693698060122
13.963234280394904,71.14490710817309,3,18.023130713561322,56.65249163370947
10.721927326882408,68.75091265778386,1,13.524597282157233,64.5486492722306
6.190552325726555,41.53852394838614,3,19.28233524506215,37.14956512039277
16.275900394138972,60.474869657569386,2,43.21096924944841,66.60560423424731
13.694623451077586,62.811737127151424,3,54.084530592175405,58.40812421527966
3.252338786897826,63.92936685381403,1,50.70628427955809,49.150402850829416
18.21854368987685,74.81034215363994,1,44.25671549372421,87.11549443497282
16.45074485846338,72.0161528036127,2,15.521593170555134,71.60549578665241
18.99599826583848,76.47430556760668,2,24.45937231479749,73.29086915320528
14.5143901677672,85.8929956925277,3,25.49034376612345,75.34965933720427
12.268303918715798,88.7791443229656,3,22.49784731988106,71.71761251139351
8.364860725812377,83.08738457358967,1,35.75028298548615,66.90709838458982
18.654569667080267,97.33142175729608,2,36.77769074398363,89.5515853480754
17.321277790008168,41.0939549605817,2,27.84429875855551,50.958855896002135
0.9043734021237881,51.74667914101276,2,27.6894579368218,48.34120308163354
0.5273394899450401,40.45377249868853,3,51.42777989530407,27.864775139289378
7.5292673375609915,78.84848284927618,2,49.46464241598428,64.48326523174681
16.211066615636657,93.88183293699922,1,25.389791584037283,90.5479941244418
19.74552258629889,54.608937794577955,1,55.68942219366296,79.84840171654888
3.0083378220705637,95.6220726877784,3,57.6407508501253,62.23292470859308
11.882614307042703,43.61604341737365,3,26.33712710150204,38.677713731809675
7.617817132620431,96.06616160833086,2,27.721247439652743,76.05996354838152
19.398287956292066,61.09736123437806,3,35.28170767109794,63.40929661216816
16.842378462714173,46.08524970695299,1,57.056040626683675,58.270844935508904
16.766574094222758,69.15230555117954,2,53.815971657115576,65.69940947897311
9.373863195899405,55.40659406323048,1,15.128398129179491,61.464073798903
8.296390046753304,57.092374117715366,2,29.63653716357081,50.32188609171267
5.468141438614125,58.43739789557719,3,37.668559487488594,39.083669924054355
1.1275099330185423,88.1815538699598,2,35.156623627577005,56.94418502905108
17.294447525101063,72.34967660051527,2,19.693153396844636,75.35801617768699
16.258020182601552,58.67846194936022,1,52.940838558407734,68.421163720149
19.99435346572261,76.6200269986551,1,43.84703914984187,78.10115166687407
19.93273674147811,82.96904045339161,2,51.89541874259018,86.49927551925079
11.108634112052549,56.35744004401202,3,52.93821396747361,56.81297567910122
15.37974830361021,64.8129460915211,3,47.41779268328699,67.40649096851793
18.89531459764856,47.313165600216855,1,31.960530062485866,62.13027457216532
16.99294781354823,50.86896097208082,3,40.527337750771224,61.409395360939854
4.946962034863953,80.86707123789897,1,18.01827030598716,63.807262693992136
9.01088270620187,50.88630086173762,3,43.68227087374539,49.62206838311355
2.5831883030298997,71.50980302002361,2,18.96266278696404,51.54536569526819
19.081020545174447,82.54277570334597,1,44.69747952550784,80.00895997915669
12.123492689017601,46.41261538568463,1,21.479908037698433,61.914493756248746
4.572856110069255,74.03873317773422,2,15.877565007510999,53.12919982849027
13.434013688117135,55.393767022081825,1,18.264224507147873,63.09767231570868
12.362564809157917,97.77561251425479,3,10.099606760953513,66.49895225602587
7.1632543606568095,69.01273880319548,3,45.93698089267651,54.27285541256047
2.2711518439925804,88.35955298650948,1,46.620052452918955,71.59910346689975
13.431463911855992,73.0135925293757,3,35.746667495662976,72.20661981796772
10.406154018075867,42.60475197128915,1,18.068140052769184,54.980895189140625
15.446367834712786,77.98908253564134,2,14.177716875534488,74.15189648073763
10.403270022239868,97.08420053239942,1,10.95644832186435,72.22918341824396
17.0436300063708,76.09670920877987,2,18.287408848261038,73.71357537213733
11.038136775489711,89.15133156560742,3,54.54277674915733,67.5397339514501
11.218759430707726,93.05238780090447,2,22.07684208508409,76.0421454091939
17.5330720531669,53.68478631693595,3,27.71356636086078,50.2002073420225
8.069657324247942,52.7226903944936,1,15.267274224066659,49.21399310651523
2.6803045690128147,76.6588593310595,3,21.118065237408516,44.54166355686543
0.5756535262667795,64.66170818840229,1,35.96122853901026,45.51579627649633
15.10274511347238,90.39167817200322,1,40.38763415478263,83.23670705893298
12.406191027069294,94.00138740388067,2,22.26761570831055,76.55760697182218
14.081595361984471,61.20528275816309,2,12.88660796125586,60.565197289240245
4.259283230178214,54.21223353846892,2,29.551643456369934,29.37896137462841
2.7274295117353953,86.83153091463171,2,21.71016854631671,46.47891538932447
0.29089331335763857,56.48836213288817,3,20.977696161490098,29.733670166308993
7.0117511761319395,89.3568591108207,3,57.99314013567276,63.94221102072953
11.798353737092661,65.42429521892578,3,40.815024296286204,56.97916624964279
7.844880901994646,80.05299395748823,1,37.8439221586048,64.94514816906425
8.749498440474582,45.73211883008009,3,30.788755176166095,38.68972044648994
18.083173889874967,77.43155948059439,3,31.447216671507213,72.36103421541007
6.965109340466007,67.10606072423374,3,37.045250191904046,45.74303498010231
10.279789783196216,75.19650779052844,2,44.82149035180536,70.08701749299743
15.673060254822861,50.0808524646918,3,45.107304809091474,53.95376389923382
7.930855646425403,84.21242469665093,1,18.58469538527248,72.01701330347237
12.44173400455747,91.7678246525937,2,35.005637603831346,77.56808821519482
17.247274174934905,53.00438800544654,1,30.597904751705098,76.25170005614939
18.990412473152844,45.7428733312097,3,53.52634831346921,59.26596288539028
2.9414696185807587,41.41831516278018,2,41.57094606091882,30.980321550594997
18.53175250322989,78.51829002659596,1,36.62520332079909,87.67595752472431
9.842325861590764,76.42564216532685,3,15.769732108945869,49.007822715193484
5.1648877659791665,72.8018447628442,1,40.28189446617057,61.05462926662784
9.182715124765226,53.916825766958524,1,15.86019528401167,54.305989126184066
19.600651505709543,63.45435975433088,1,26.860328778287602,75.81472979938509
9.852361879857392,75.66858011117039,3,17.142098240716592,55.22500635636554
6.575032205750164,69.80601153155015,3,44.603682351218445,46.14515667849211
12.668017086334515,99.26713121289325,1,20.31260569180763,81.64682986616367
4.802912375563862,48.18638515340399,2,29.5929686594013,39.585871102565235
1.5172665621732784,81.70867324285562,2,54.783738880938934,51.21188151492722
2.5775944382129845,64.25912608625752,3,20.215819169948514,48.2942873043052
2.560916779155449,65.69197689553688,3,35.39025319793896,28.591098229130665
3.038053870245887,83.05586593949057,3,30.9635830583011,50.86976933717027
2.7765434529882027,81.54616907946217,3,10.906202052286487,49.735085027926736
12.817494896064293,99.4753596221313,3,49.63790567864064,81.41235332440573
3.6376016879828965,47.703657367247516,2,13.452295315729987,30.844202847583716
6.913345666477264,46.246578963049984,3,33.71275104884768,42.16071495187171
17.935768198120236,83.46032902772447,1,38.033914746947495,78.81408596944516
9.479232805257446,74.70321502038455,1,41.42132283072935,65.35226756015197
13.351154770420543,56.44963999358835,2,44.431581465393776,61.44341207472032
3.4463974240325967,44.765162139339196,1,22.663619176135754,44.49599816122975
3.8457803761734155,45.13949497578583,2,10.49893883292247,26.882254951118377
0.8173723253295773,93.6514524798471,2,46.1721831177456,75.25933223975296
3.378701261443291,51.512039483124575,1,36.78282996737893,40.166100762941525
5.5718067806391725,59.40229372693125,3,51.805885160362436,37.61876253551484
3.5402096855349363,53.59938413361928,1,51.06941814503472,50.09046128184373
1.7740506751411123,61.29977834991624,1,52.16630838939416,47.91610659369354
2.412717422012016,44.1654305647656,2,34.254732998977005,31.063546209076357
9.215575360654515,71.14358745449621,1,26.681419791843282,67.15587778071243
4.12667436811585,44.05675381553289,2,49.5779101295685,29.94537640231131
7.285397220961509,88.0213904693417,3,32.564705651462745,53.486728678320034
10.068345417097138,54.02272491462598,3,19.172109820171727,41.44624723072233
13.807896572587307,72.40071487627063,3,52.748700978073714,69.81665257971733
0.7862427968219787,92.80474525368749,1,54.127993838617364,64.50473426424327
15.988207978180853,79.05264214283164,2,33.31548780700851,82.74122945631419
12.558007789818156,71.97746719308012,3,13.784986365489374,64.4070644429837
1.6351806389774382,59.460025186922536,2,29.391304495846562,42.48264744274176
17.471572482135546,59.98011478349187,2,50.17688297313017,68.91173518748523
18.417448010636264,80.1692173118914,3,55.088701427311435,77.64658567090466
1.221559197097275,99.64836167327005,3,20.17363712487979,59.43730815550641
5.5375529629440745,79.71035139096271,2,13.348680601263576,55.63619985172921
16.124025595861227,73.46700504220149,3,53.86752265664193,67.40205451874111
14.965193807673167,83.83903061435477,2,29.470246948943764,70.34843299205407
3.6904203871275465,67.91233673702308,2,37.08804821337816,38.94162349779208
4.186986466734206,43.60854055604711,3,58.40329060253794,38.80628614039362
7.40944205582764,73.73780895267458,1,13.328236395711142,62.47596427884382
9.690459703820427,97.45751707032281,3,42.41590037260478,72.28284661329373
12.365095430605919,50.51817654145958,1,13.705271128743354,57.221321797948356
7.378272791395448,81.40029344923994,2,28.77344642332502,58.64294262500139
9.250694322662959,52.05602131954339,2,50.190727259672336,45.123415934765546
14.94941876267513,72.14966106838487,1,31.67361163778172,72.46286248043103
0.733664057811958,45.800586978803175,2,59.85911769514752,41.40725245233365
5.048738886880415,67.02225617549111,1,37.95296424733011,50.73805331788267
14.266991717691049,85.36979973371476,1,26.058107631797675,67.09285139590436
17.904136753743987,60.85429145433892,2,21.005566295237657,62.862331173649345
10.233548842313322,79.89470346923308,1,27.52602671430809,76.75324759761654
10.642269705306314,87.72699764738375,3,28.62666368797754,57.7995493934157
2.143440226795521,95.63066916876716,3,13.43568388619805,51.03571221095902
8.948247336469093,54.078524911327214,2,28.47870997133866,50.035090651524676
10.652345329100463,63.958954948558485,2,33.21192598696125,70.52461873885858
4.849410072694593,49.14496079982504,1,46.13688761194023,39.58372200749996
5.384864618987619,99.5490101295025,1,42.8364742360804,70.10567997245118
7.545683262092453,95.62005807545772,1,45.438282761457714,79.92787985875502
0.40142395555452737,72.39742781683358,1,10.418184093842855,56.10578323278474
6.441583311663566,90.52199766258528,3,20.883369979026803,57.94341700132065
4.2289601399308925,71.25747863632253,3,43.084214419992826,40.29937805307829
6.5499470435582925,77.41514128016559,2,34.19946840898736,61.862698278767255
2.3952426363850243,45.34746592696099,1,10.265673783417297,39.90211787561073
17.8105456147979,85.31622522980848,1,50.22473212159112,96.82130240493228
11.871849071080973,47.66280901811409,2,48.64047866451687,54.554242445563
13.582046382889793,89.5640578151517,1,37.42095814967813,86.99393046025541
15.783424772146766,86.92168526022316,1,13.323166288813606,80.84973922389587
9.968843978581145,82.52468186457858,1,48.32575247662923,86.50817204512913
1.7384057617484738,42.169622831485725,1,39.1856793865682,34.83724022722862
10.742130836370956,58.187701356719714,1,49.097998857897956,57.876006347319205
11.736822360417582,55.78675419465057,2,47.58734961979202,64.88359561198895
14.9087894836866,61.60818444829114,1,50.15010359789186,61.97191885981671
8.633190924593588,45.25856480583031,2,35.90040332023124,34.457923679772115
2.551606055911275,96.21746938186376,1,17.01622590967575,68.85729792694517
5.675518115974489,73.22813444274257,3,43.557873668984435,51.79726259012723
7.261645927972702,58.33145863948141,3,41.02368925259853,43.85427309315444
12.918344826632024,63.818891024457,3,47.11265935995436,62.349766576225925
11.415566093378239,66.83215243029014,3,18.494050302536763,49.531014717052265
7.121934517956925,76.03566000163704,2,19.74875999501446,58.60000940554243
19.730304975859593,70.94076566178987,2,54.52047586096642,75.81143468376901
12.115496387137743,95.16351839286504,1,47.49888992260354,80.56515210815223
4.74453583471989,69.81780897434982,3,55.411424435016144,49.239431160387916
2.035649452408075,99.52948088939877,2,47.93576605819604,71.82771833454649
3.0571827836866405,91.08549746470575,1,39.857765299515094,78.82568978645743
4.919154567690162,52.51063086144015,1,42.70663685139368,51.05286896803354
3.2136274651911134,95.83571287863498,2,54.456396197000494,55.213333537660446
3.7313404810261153,46.98198387312856,3,38.940337725597026,32.48953439076777
5.701903373876942,89.04698250947149,1,41.61956621641937,71.3920151426544
3.4674719058950965,62.837397608594806,3,17.823835800180028,44.367075051917276
17.935308492528502,92.67845922670418,3,33.696061005805134,81.80369588784447
1.6046749132328442,92.08340140644702,3,45.81985559790495,63.50448336001836
10.490227791405093,88.35552400705727,1,23.54713491581827,78.06172266100019
8.20793653979323,87.40182617842368,3,20.112709026226746,69.55826176685618
19.64757233817213,58.280748345882444,1,25.69134041122078,69.81521195566826
2.240778043361047,44.85515698307513,3,22.075031399641674,28.203481731334286
7.957111980914833,64.17881072590968,1,20.745631851819795,61.65072526904952
19.38940866550738,50.41147089919052,3,31.242542143404346,54.594279400648595
17.310142517879605,81.69706533414771,2,55.391925694176706,76.57258153632031
16.3414414189856,60.76598359226713,3,35.35298233693591,56.36029001909885
5.158056540898796,98.53661205159489,3,19.396019040766152,60.052575860937125
3.4177517478013164,78.45832464071992,1,13.848583469043703,61.19929035741493
13.37286439848862,89.34883381806165,1,44.80780725689626,73.97533746608677
18.587519782551716,47.95148036451091,3,29.139938221819392,46.78631158312652
11.135257860278596,91.72086893635736,2,51.09154732926796,86.15829534694542
11.432253789397997,95.36543143080365,2,42.97553843203851,75.03970978091215
5.5995818732056835,69.22371512913615,1,49.81207252706842,60.9148833958558
15.389858663838737,76.37517626505866,2,23.597301970922437,63.82389186238991
3.7408749711504674,85.88858805417973,3,44.6179461230529,57.07688124048521
6.473584728084873,50.49031763562475,1,23.203099234685936,43.72984425856373
8.508728772328336,70.15396458780654,3,56.95342397251458,47.73536681762581
10.1522075736891,63.919781666338785,1,41.81871407666872,69.44665395582737
4.848194648301605,48.782439529734944,1,26.225590008767103,50.07714332647444
2.2967364947840707,62.05206533749188,1,23.47559311461363,47.48712930256251
12.212400848832651,44.09033856312961,1,19.546329253582176,56.72453249987451
5.772611064805115,41.54871441696922,2,44.73204794468639,47.577813480493646
11.624764428452245,48.109977349289366,3,20.935780649896365,47.167090783032066
3.0872543054840462,97.78690669535044,3,39.76516329637445,64.6779405026236
9.62280203709635,72.97177215370101,3,23.231751346267867,56.53518996490846
10.651788651031717,97.94932966919319,1,43.09844723969343,87.30461232632905
1.0364707364485382,65.94987269980791,2,50.74698642702696,44.379731399812066
6.732085563878412,58.70896798511558,3,48.90126215723266,43.830456006803
2.688293538779485,70.36851177041464,2,48.042566546539085,53.31226090113449
1.2674994094553549,66.3707013179746,1,19.386120284612602,46.2929575826314
19.799204647798906,46.33988105570464,3,14.419247349225936,52.115661976076225
6.447076899494459,78.44957888141238,2,44.94744142436928,61.23604014370091
16.1974889170927,52.96229095057598,1,28.417360689717565,69.66838176792173
5.092813095275277,77.17527729386978,2,31.617311320167364,51.44279838345329
13.630054444478585,79.01206554388921,3,11.557454639669553,67.80395897054464
15.204557197793731,49.12149118771889,3,22.978822463752458,53.536594819714516
11.912774812156886,43.680977626640086,1,11.683820193723202,54.17519086007575
9.431523771003167,86.84569516410639,1,53.95928863006238,72.61689971692738
8.236818282945372,67.5880254261592,1,22.169834160926523,51.66161801865155
6.9773653308599055,43.48982773032855,2,37.8668584786504,43.14513284440914
18.59058288495652,99.69197903018602,2,11.948966033056521,89.83365227092185
16.612388155754584,43.466833659782,2,43.3423695652829,60.35480255984502
19.300538213330253,81.7021137315132,1,26.151367287704694,82.08452814762607
2.4859444697108946,99.02073551580482,3,54.89595934788329,67.43154583011936
14.617349504072886,54.350806252955536,3,54.40590944670179,60.249159513649886
18.766809136420758,48.53496212123177,2,26.264530918087388,59.42109546393218
3.624661323313203,47.283096365345735,2,55.04804478452339,41.39630179895367
1.32992534733555,58.196508854055736,3,59.80788367493894,39.803413988551135
14.822412985801181,46.0627486606388,3,51.2707832061974,45.89099935055654
11.489462263598238,81.52968050164792,2,52.24356738776145,74.03184144658529
16.83657553516544,43.73750788780376,2,22.450436805454494,61.85490342048093
2.79544753252579,70.56532768898738,3,38.835119942887815,45.52689957918307
15.905346237197804,99.8018112311786,1,13.362795698368393,82.77076097108241
4.032546400954891,88.83821617036114,2,14.745896841083486,57.390206333187315
3.27311885731409,76.91316629386066,3,59.94463060166453,43.15489387819584
3.285315958619859,58.3752172471967,3,26.331962471295547,44.03760617860768
16.29149440462764,77.43375017749831,3,47.40919560244232,74.45893775532515
13.303944413924002,71.6224878346991,3,50.33325265134082,60.455888228500456
10.461308495382386,65.56500303342229,1,52.90116355036146,58.230781308318406
7.176609682470049,47.84262260441197,3,59.881414870107825,36.29215478215059
17.544010816262166,93.196252914428,2,22.074824262843393,81.24986557084866
7.848902148452708,66.98707892927935,1,12.017541342984986,58.71439270964546
16.33198878943154,51.6773507092459,3,30.5595758997293,53.939147915659674
8.782698171404368,62.06556105263738,1,16.50403349144735,63.770947114702224
7.538888588498152,64.84778515173562,2,11.121294458102756,47.865359131108654
9.253595713392128,89.65227373401245,3,28.021341357074306,57.93295267443345
6.027557483282841,84.01686283368412,2,49.18691255376182,58.58525280479946
14.952187603525022,86.15829361848039,3,38.30903456125354,72.83903676026861
10.054407801849583,40.661875865718834,3,25.638899460517703,33.399236833528484
4.644253902936346,64.96923989078569,3,42.71710027463598,43.7595920887744
17.991491465491368,68.88064909811942,3,21.600909015440536,63.20554965705554
7.677824427464229,41.1515366093834,3,10.719072303604252,37.230758105712724
10.871057222279772,55.58879252470206,1,48.21766932182137,56.54679984496142
18.12944221929094,85.6173893873281,3,41.18715424320045,75.79660200091428
12.484759918279842,48.22658234373994,3,48.115131225047996,51.0610203119624
2.3379608141672814,72.11860788715549,1,11.94690083438328,50.14788648182216
18.796642472269504,52.91211232103425,1,51.85598139153261,72.24389111246316
12.554161061428356,40.727246478633596,1,40.976310001815165,54.022646789613006
6.6981122931417225,54.472087455972485,1,38.169767535632005,52.25622696166467
2.785441453267745,98.55242529460322,1,41.230702405726575,66.76070568370376
15.880503785405919,88.09222671297937,1,53.2216623434182,93.14712906284801
12.40145511857027,97.574598659262,3,39.34682532794535,87.18504338912271
10.66922183952643,69.27124263558174,3,39.04751899440897,56.51547093141655
17.877851661019154,46.584171920650206,2,59.53395785328829,55.48890206239581
15.771944224490614,72.87756933842158,3,47.8365083534284,67.3136223167568
3.0334975946550236,67.26264007359765,3,32.114690272556764,48.068600166326796
6.234441355910965,90.66142496437695,1,45.369850001646384,70.20956363407922
4.969782796289315,45.88495484705467,1,29.461523584589425,42.28730354053477
14.87892585145354,69.29446822130669,3,21.44377312417495,62.74271770444252
0.6706486947155876,49.00291988163906,2,39.84259384438797,40.40722361652523
11.39779369742633,59.480555613403595,1,56.409104905697575,67.30305307019827
15.24917371481381,84.24142464326798,3,56.45697600077314,78.14865280592014
17.53531273523499,68.561087762126,3,27.095263905274514,63.0178053672734
6.841634974318149,62.553297108746165,2,36.38387331108475,53.44241283370301
16.425146093440258,63.66857671420212,2,20.58179492849306,61.28722802590532
2.2126347391041445,67.5668061043592,1,59.78155547494417,59.064821818192215
16.929045834690363,87.10099263022342,2,59.05589539339679,89.31585207343736
2.5497732466396483,93.52508133641406,3,42.475446485372366,61.954071164208266
7.945745811207345,97.3200811902357,3,50.22070298387367,68.49568479536573
15.945907315591072,87.2142031753177,2,45.755008064185,79.80424804478774
2.9983485469754756,58.924413744880766,2,39.657910951973406,52.85054321589905
4.585027904652829,81.28808236519254,2,12.667399849444884,55.16357903792177
14.445051367861325,66.25618744332351,2,32.73821712763305,69.94508206780225
14.400730730921488,55.28023732276307,1,43.739315108370526,65.83762799196973
12.822952657705946,90.45229476555537,2,43.876580694184234,76.22278167301134
13.878968889342001,42.3055809377395,1,28.65613092111918,47.34416985142149
10.854488866951923,94.1057195281254,3,57.084599332901526,74.51162685353582
5.035981178139055,67.68864787748404,2,18.36785161183905,50.45944998791352
6.913919870078389,78.23208860849682,1,35.017972310778035,74.84460355859015
3.6319543360285134,79.56123533234697,2,44.54419882754114,53.33812910909258
18.169011226672566,93.70706444239218,3,44.85679029459046,94.43727749264212
11.667835895322408,78.20018093003245,3,42.43194783844078,65.55910983233011
8.017028335272798,76.8360150856037,3,23.76441067259301,57.39273872764151
9.240116072882653,43.999122433641396,2,17.810328434331097,39.07531974078077
18.945666792236306,71.10448131671225,2,41.79701634133554,76.83442215028771
3.067028062321604,49.010140049022496,1,39.96510580697189,45.368391344759154
11.724596640335944,84.24602612328914,3,18.96780051446205,69.717927145028
10.11777357768932,70.73331524876048,2,45.25695727852817,57.250734205683365
12.229084708692957,80.8136667525012,3,32.75859958668282,72.14159135214864
0.36220367641681017,42.50037403614306,3,43.38802958015765,27.189410513186708
17.44247817888303,45.087520962748194,1,51.868353988507536,66.44420972136078
18.642365649672247,82.97940328376094,1,18.486421428846157,83.49512128012576
11.30266367178418,44.325060159920405,1,10.957243399841834,45.00404275221744
13.933016477537844,44.27540366591552,1,48.955129319789336,57.72390298485145
18.449987623545915,40.72650851409325,3,40.4848712576308,52.095851418654
14.144772686267972,97.39008389796881,1,44.98197848110608,82.2222658757214
3.050780858285227,84.25050156754043,1,51.90774874943213,69.28367412872093
11.525767203336263,61.19508451012385,1,50.14054674122502,69.00237935468411
12.134300927657119,57.792134877259315,1,58.046007346441236,60.03300993337976
8.48261342604772,60.982193784750976,3,36.79675394260591,42.8799850528223
14.728884712494457,86.47921187087091,1,34.42478163299527,80.90852547019225
18.687340295380295,79.68223666422486,3,30.094359994536504,73.96926392599049
18.51137025813553,51.11173407204808,2,17.684552142210226,58.88169599507649
9.016787428082642,50.44656012004506,3,38.63036164410112,42.35156421470719
2.264760916815105,45.90373898280384,3,23.85062621629894,29.431835874914434
19.69682397924669,79.61816318208028,1,56.06537561064877,81.08132674555495
16.777961728918683,85.86235973330416,2,39.15954021385488,74.33383431822969
2.493253624065337,55.90278569950024,2,39.64200902540551,27.634364053722972
18.416837652347446,41.256697661854766,2,27.746233043850502,59.866624522286436
17.397927241242567,44.93030004858564,2,12.599467598885374,54.391152753991015
10.376761142521442,98.07160209070183,3,11.587188268649431,75.80607745239399
11.825508714898586,57.72668664864521,2,31.166757207659874,49.80226080324403
7.980054077402605,86.15338887028801,3,14.228268904861892,60.206978026428715
1.0952327764406267,77.47981413125584,3,40.34234777700696,48.23910495169814
6.703944832918019,62.91637837917375,3,54.04865028198287,45.40169683092948
16.057068971960227,52.341235731733306,2,54.14574082593611,53.137779987239966
0.09264046009205718,47.283185089564384,1,42.95227050661162,46.533455475213664
6.669983433822884,76.900778082332,1,20.561591573646552,70.19801786384843
7.963373871818867,86.47802683826728,2,53.149841567943604,67.23719970885621
10.747912058758457,78.63425521246785,1,54.30467176566041,76.28402661803247
18.39711232825521,71.81812799494949,1,19.832679247647935,75.24585983233283
6.926919887319225,42.517073405898174,3,46.871304288533864,30.610736288247388
6.939064037924554,98.10932665566303,3,24.32597744635615,75.84309731970532
14.750024962194967,87.92285149927447,2,50.13201561764648,71.61510549759278
9.044358817796143,57.56932220205788,2,59.86189499518014,52.66680256259138
4.492096458799639,98.79821976153104,1,11.501300266469642,72.58882570797621
9.048790322653868,76.11289537817933,3,54.86829328954659,67.98393493327949
2.817140407595997,74.94535949243479,2,41.131526679932904,57.78902224602825
3.527739730124466,84.88439076577193,2,58.669130958241055,53.72790827763737
9.967355454789594,88.70618728540825,2,33.25047587632138,71.48604193589058
8.378508990090959,79.38871643989016,2,52.369396528568686,65.5432339937492
18.296918021362,47.685744781972005,2,13.119703429913862,56.22710256772037
7.247877982332662,60.296050359669906,2,26.763952503914787,52.82488797734392
11.61176700556087,95.685018419563,1,13.350826887560498,74.11820961005526
12.645285758390607,53.476936710631115,3,58.76715667395353,49.887626768676576
0.2618891317666727,62.330021430250795,3,50.84869536359184,40.26980983322505
13.270747440334212,65.92461297665176,2,52.62737106229852,68.12150447852542
3.5607193373950285,66.36429938166714,3,56.89826157169471,46.59658215980828
19.221406349389103,76.77637494967152,3,14.255174305989268,69.881490922984
2.973254555062259,96.58455026468246,3,29.27987962566667,59.738893585837175
8.292482474540474,54.4415627099503,2,13.551744452200106,50.16087139488708
1.7069933615728772,47.290082578055085,2,20.53965507750143,33.1580090175698
19.937485036918947,51.848229391596234,3,21.468288851883617,52.952756348321884
10.043900206624851,93.21549401255618,3,33.455360552378934,63.17319485298436
11.907700346400876,78.74864875931236,2,23.42810837268213,60.00536350527641
1.3415295477685496,57.15440735434961,1,15.048905340888055,50.08773336079816
14.999209407983557,88.95681633811704,3,18.374554454705386,76.74766853837832
4.198111861911715,91.68219978180616,1,17.363778177604544,67.51042606380899
17.961085788814273,90.79086032141669,3,58.653839895614915,80.0125664398125
4.102792809640143,95.13559201837327,1,47.96462534592368,70.16235692023976
3.8137544132733314,55.134461210401696,1,58.3880732634781,55.106301210409875
0.7309933569618976,85.3025157247767,1,31.987024325395428,69.99886944372211
9.441338902199984,67.6323698364484,2,23.91842408313283,54.1063080438446
11.296822665252328,90.5199131734037,1,49.91465986045933,86.94072549124519
1.3141727885670473,83.70944062969679,1,26.31269590205734,59.96825772766882
15.510552333900211,86.58684678998347,1,24.969168685267412,81.6527087938148
9.065776694960553,79.36971026086428,3,21.625299610391558,65.90409257414817
10.487805386551601,50.645726168182414,1,16.48394891121177,52.716710068144145
8.815254938764562,72.70161513381629,3,22.8231530508383,55.607988989793625
8.01526121750652,99.0801843714705,1,27.765987423694384,80.48897085606875
11.192806626164359,96.24328398982713,1,43.69971040728652,75.77715454057422
3.10480491861425,42.5904241478207,2,13.128242110972579,32.96634182129136
3.6385626099054225,49.888888943766226,3,20.52534698326715,29.630251857243422
17.235712420270346,47.903726407273716,1,50.45118201458382,57.53515697550002
18.922309242672654,83.55879459911773,3,17.34609617918854,72.66766483915465
7.466186325595059,89.0671197914167,3,27.132257326126076,59.72583274767048
5.414893462871076,52.81068197864032,2,53.23294609290701,50.28145668643315
12.879990864780314,70.35116157710974,2,17.746265557172133,57.986361718643366
8.174683421961928,90.44218168067201,2,14.136841780909496,63.99178112419076
0.5077271132068972,83.96809268597504,2,34.22689975400054,55.74207755953548
3.123051947323807,72.5342323295109,2,25.12097556392682,44.08824601831369
14.319444576947951,75.42086142752638,2,38.1704182241927,67.25369175319535
13.178478838203027,70.5016328149768,2,50.19024452417376,58.76533872204189
0.5419198500696698,57.85290707912924,2,16.857424407637158,41.81042376337275
4.439443238658988,73.90131957154097,1,39.03495422771425,58.396636421483564
4.621495931761428,81.33311812300545,3,35.275438019493194,54.18006934838352
13.437854871974569,92.39937495164847,2,17.20393930065998,81.89685280797238
0.3942107550872831,78.1774812387549,2,41.199924276449124,48.006452885259336
2.082171639691477,85.66729222258948,3,23.682020893038583,50.331899839154744
15.998321707463788,49.60429809727438,1,34.39171592720062,56.91759301575166
3.5708932410866723,67.6934484651874,3,14.113616213853094,37.0912519571487
13.054922157037494,40.559897189625595,3,32.979202860681156,37.61332736537031
4.76365562093453,54.80073187129738,2,25.323173402141016,40.09578794022599
1.9888278551869032,83.5877029067803,3,51.119060559267716,51.32379191190998
4.863443819989081,99.5085970809618,3,12.848936349868413,64.72837836803944
14.445338637113183,45.95068597523296,2,30.930363745916498,47.875371175191695
17.113929362125717,64.0896589516773,2,32.9215712065719,69.01500991443952
16.604397291339833,88.00425812194956,2,46.250303814955934,84.7591876492912
7.943670592369097,52.24213807773393,2,38.71437875451055,44.793115696483724
13.361702731412922,73.30509695813717,3,43.360616859709054,59.338051095880694
4.099685908316419,83.98427776178049,3,48.8524642825878,56.85073710770165
5.862954605220265,76.95912701561073,1,53.11014868290944,64.26633567043557
17.926716370422394,51.28148407692497,1,25.693774836123524,66.33010163176866
0.2600384702147207,61.323074121144366,3,36.90113526819515,43.723347886128046
1.7101706170893616,87.02750706912383,1,52.005403921959996,65.32548580144291
4.157725102920546,73.253590847921,3,59.472556548252825,47.93984501155804
0.5306440774763943,40.313776812574766,1,54.47596555218816,30.977380699267968
3.6287087017959463,85.65944560168563,2,28.57336313121884,55.435058570219255
11.660831219393843,42.118681296414344,1,19.758325860932523,42.42445665747702
8.428491011849959,84.74402696387392,2,34.469626870329435,71.59983342486012
17.853434221539498,52.14883360991425,2,47.08207259180211,51.61126466065918
16.34887123476882,97.48440880716282,2,34.62845353766488,88.91732157881393
6.836347033957519,62.07644507812507,2,34.15904316568343,46.57597238100351
5.18846866862585,59.615896980284745,1,51.91152105409003,51.181367223398034
7.5938481633453385,48.93328301994668,3,28.070188953359317,34.0678227446
11.805898850296154,58.33625292941289,2,52.98973374058228,65.23889670536035
5.361272816457525,92.59904570969204,1,30.340240047586178,71.716938663689
12.48297815698268,99.78006025763483,2,26.41165528391697,85.18556154366087
8.188233043824809,62.098571830410904,1,32.69949555998495,64.31407651296227
11.040943617039606,66.91663785727255,1,48.12234793374342,67.3406603034093
8.722530582706334,83.32425629216422,1,16.300101393199714,63.730240934401934
5.889315190838353,93.17174682790447,3,19.820960793600868,60.61590321178144
18.969066139243132,75.58266005120706,1,57.5722412831546,80.84917930007337
15.272115883195216,63.491541890669765,1,18.774581369067867,65.36303628666498
2.802263515329051,64.75731045091743,3,38.38636589655273,41.42329916995286
17.369359517958255,81.73708878980841,3,38.96572333309689,73.3220866736708
9.748623964990273,40.19309581625672,1,34.48122310251224,49.24746155259209
17.89104453788183,77.17536024759045,3,42.23726242884093,75.15203066716353
15.997105118946305,61.329580626481444,2,21.49133628988092,62.27181380196412
8.504270089384669,87.65183987662505,2,37.633113388837415,71.12816498947535
0.44938616640234796,45.57943838938793,3,28.608662762344856,23.13580928479356
5.373547187698922,75.29213601690343,3,43.08336298145945,59.11783781781891
10.832684293217339,68.85837339316743,1,17.061177168657473,61.442611751503975
12.669564396522945,78.53953155431364,3,38.54387084197381,70.96838503468213
5.157753708664046,43.8912156689781,1,19.263517769166185,33.61737628244094
2.7871214814564826,74.79902724568788,2,23.93215315575182,49.5512775981184
16.69860473598598,73.68907527757142,3,20.93549001617916,64.70001040407172
19.68804361407104,73.63960566497025,1,19.141888993440855,82.02497669317516
10.513803646053717,76.20925999578729,1,51.28554757803335,75.93390024045041
3.43358571696607,80.58807623358173,2,24.285378383044517,49.68478613860495
5.446146530387379,88.29933998084618,3,56.35618909322247,56.244527483196485
0.36781353094933467,56.18924320769286,2,58.49632626725954,33.105358509184484
18.28597613120998,89.50296461080373,1,38.56302349685487,96.58796629897479
2.3550216578028227,69.89534093580721,1,17.15005613328632,53.6727673755028
11.530329510285071,44.62349674805987,3,28.727412168979065,36.52047748887583
5.48110441374412,43.51305575463875,1,49.8866131674107,42.10267702036015
11.083560050315867,60.05429912176365,3,28.369536434853522,56.40368017032481
13.028407767037285,87.09381862668806,2,14.350860915139437,71.8433927665265
16.594836074144034,82.46085608445495,3,37.8392455464094,71.4667516275741
4.128425435212064,87.31689788034438,3,52.25604257480174,54.9018976043896
0.21991657316960955,71.03614338649656,1,49.79631935717512,47.80623125827605
2.7377126013761455,66.41193987732943,1,18.75615700651766,56.745967581329424
18.0003728369621,48.84715160237704,3,43.63823072062333,64.04218123264201
17.477801551250305,59.69156521655869,1,21.025213171782354,64.20819076005216
11.948262043406165,66.04116197043251,1,20.91037672760861,71.66283956622021
12.010337208673068,45.31602578077703,1,53.70358866525926,53.138533066551226
13.30073349092511,53.236717162672676,3,22.48344763701151,51.80971527453685
3.507425572468992,75.89351764382434,1,23.16236732590056,65.16455470166018
18.288238918499196,84.1397868543514,3,10.032669538064978,73.19411446564797
8.375410497841463,99.90085068357698,1,53.53345170627588,81.21726172619918
7.662770564989949,95.98679988061346,2,49.62974066045673,78.0546146608396
10.37835410565675,78.5539119721115,1,41.3664467545339,66.28675883202416
0.9393193355011009,65.27488319764433,1,47.51328819694211,56.060544630734604
3.325667375121588,78.17064188249395,3,17.60242837122459,49.365175991514135
14.76067232852741,87.13909708481393,3,32.91617972937877,69.82733217584645
1.6559733585025294,47.10017145540324,1,27.560969367439043,35.47932183116036
12.063042189327764,64.59429338177729,2,14.688826312850825,51.40270938520128
4.906982193626419,90.38813713813704,1,34.3065242607462,67.34314716627652
7.785912280839531,63.02997711598264,1,56.03698251713177,58.78036413259005
5.773874735413997,74.31233627363119,2,12.002955952534723,49.142041803995774
7.113454329298983,75.26616165173189,3,24.573045674689695,53.059858171811555
14.380918103684909,51.06857518801836,1,20.377046810285172,61.61481237199437
5.942434312463501,61.734126499137304,3,21.907332683284814,42.077499956509016
11.328092805937944,60.07067732451593,3,55.42172759396876,56.890347495609674
9.521008043981993,41.571802511923885,2,33.40345271171451,38.52923892940209
13.273423307252962,41.45150583348131,2,33.31497064699094,53.129449346767025
18.73659478649516,89.9018226205464,3,48.02878212276411,82.45793749322128
14.651441944205006,56.38424859836874,1,17.72461020024629,70.3064589441271
4.298807571815136,71.08472597432893,3,34.36326770500254,59.60646027401398
0.6236627012256934,57.92353441532639,1,31.499260706052986,41.488322810123265
5.245280885996502,96.44075470692043,1,39.8455345273328,72.571608221373
11.901558614005097,55.55780553194643,2,59.97788516252193,55.95359914668411
1.028516269685007,65.7794087643361,1,48.47244470410235,53.836175384416975
9.927324944024727,92.36381502907611,1,29.89328515087136,84.92845480094533
11.936856978337785,90.51601400750852,3,51.377652613702345,69.088616712533
6.684877816339217,51.16608507077664,2,18.53541816562401,44.48673091592757
15.418244074916439,88.15859858774263,1,11.523184315448006,81.4952072472862
2.131965062675436,67.49121320427356,1,20.222418623213652,53.80546289160161
1.5027556347161752,68.97813232512131,2,27.020577805712982,53.890359094756796
14.563775124072066,48.00879834495663,3,35.529037872977995,48.0022042932148
9.90982632412397,44.836090825427476,2,40.756457027059994,37.49270135077978
13.76804792855472,83.6763584184259,2,55.53028586072109,80.1304239143612
8.696546772074925,69.78766914131799,1,35.49270047752289,59.3031655976282
4.928040664782136,66.21104215691076,1,35.06378223128647,54.909485829629425
16.382046353483993,83.7704937191438,3,12.512150491149107,75.02173499518524
15.988317579379585,85.93077393946658,1,11.745577632811191,83.20247276368598
13.893929417088536,49.53449006016122,1,37.557998095818604,58.80878784354616
5.4429027445992535,76.61350896865848,2,31.908930662417227,54.44394400204408
11.804613337381742,48.12124493666113,1,51.95901974901493,42.27610004159579
7.2194779388005355,85.08250516174274,3,18.03397923559226,62.17372200758668
1.831641466532683,79.41730937602837,2,11.24858310585248,50.25794763987247
18.346271509244858,97.39687726500748,3,32.45193839650629,91.76940885430103
2.736372618379228,44.13748098138527,2,21.873927837612875,34.76458044997064
19.00474707641605,43.423283269075256,1,12.480718666941872,58.10353558008919
8.920115459159115,56.93122448159201,2,46.22991434238145,57.49624975381223
